account_id,customer_id,account_type,balance,currency,opening_date,status
1,1,جاري,23424.37,USD,2021-06-20,نشط
2,1,توفير,57382.92,SAR,2017-01-07,نشط
3,2,توفير,50085.13,USD,2021-12-15,نشط
4,2,جاري,38094.92,SAR,2020-08-16,نشط
5,3,توفير,93787.44,USD,2020-09-19,نشط
6,3,توفير,55203.83,SAR,2022-06-04,نشط
7,4,جاري,63559.66,SAR,2022-11-28,نشط
8,4,توفير,63362.35,EUR,2022-07-27,نشط
9,4,استثمار,96823.25,SAR,2021-05-15,نشط
10,5,استثمار,80779.89,SAR,2022-10-09,نشط
11,5,استثمار,71702.79,USD,2020-11-29,نشط
12,5,توفير,46332.1,SAR,2021-07-10,نشط
13,6,توفير,68097.97,USD,2023-10-11,نشط
14,6,توفير,6376.84,EUR,2023-08-05,نشط
15,6,استثمار,89506.19,USD,2024-07-29,نشط
16,7,استثمار,27443.84,USD,2025-02-18,نشط
17,7,توفير,83208.8,USD,2025-01-27,نشط
18,7,استثمار,20319.28,SAR,2024-12-23,نشط
19,8,توفير,30144.46,EUR,2019-12-27,نشط
20,8,توفير,2718.59,EUR,2022-07-04,نشط
21,8,جاري,46150.98,USD,2023-12-09,نشط
22,9,جاري,40730.23,SAR,2023-06-05,نشط
23,9,توفير,15372.07,SAR,2025-07-15,نشط
24,9,استثمار,46832.87,SAR,2022-09-14,نشط
25,10,جاري,59553.95,SAR,2020-11-01,نشط
26,10,توفير,95408.87,USD,2023-03-17,نشط
27,11,استثمار,98971.59,SAR,2022-02-14,نشط
28,12,استثمار,70148.93,USD,2023-05-14,نشط
29,12,استثمار,56492.6,USD,2019-12-05,نشط
30,12,استثمار,3966.56,USD,2023-01-16,نشط
31,13,استثمار,15279.07,SAR,2025-03-11,نشط
32,14,استثمار,20386.77,USD,2025-05-26,نشط
33,14,جاري,86900.39,EUR,2024-03-30,نشط
34,14,توفير,18618.6,EUR,2024-05-26,نشط
35,15,استثمار,31475.17,SAR,2024-10-31,نشط
36,15,توفير,22127.85,SAR,2025-07-04,نشط
37,16,توفير,25788.99,EUR,2025-07-18,نشط
38,16,استثمار,43787.12,SAR,2025-07-22,نشط
39,17,جاري,59616.83,USD,2020-10-21,نشط
40,17,جاري,49186.46,SAR,2020-06-11,نشط
41,18,استثمار,96245.48,SAR,2023-12-24,نشط
42,18,جاري,2474.93,EUR,2021-08-02,نشط
43,18,استثمار,41724.15,USD,2021-09-21,نشط
44,19,جاري,10008.09,EUR,2018-07-29,نشط
45,19,جاري,18797.46,EUR,2025-06-24,نشط
46,20,استثمار,280.52,EUR,2025-03-15,نشط
47,21,جاري,11996.69,SAR,2025-03-11,نشط
48,21,توفير,33794.0,SAR,2024-10-15,نشط
49,22,استثمار,90295.63,SAR,2025-07-09,نشط
50,23,استثمار,30050.71,SAR,2025-02-21,نشط
51,23,جاري,93097.68,SAR,2024-01-11,نشط
52,23,توفير,43671.26,SAR,2025-06-28,نشط
53,24,توفير,45159.01,SAR,2025-07-17,نشط
54,24,جاري,84710.83,SAR,2025-06-15,نشط
55,24,جاري,16255.81,SAR,2025-07-19,نشط
56,25,استثمار,41985.84,SAR,2025-04-22,نشط
57,26,توفير,26137.27,USD,2022-02-17,نشط
58,27,جاري,85317.69,USD,2024-06-28,نشط
59,28,استثمار,36154.36,EUR,2024-11-20,نشط
60,28,توفير,96630.04,SAR,2018-06-27,نشط
61,29,استثمار,66799.43,USD,2021-08-03,نشط
62,29,استثمار,21585.11,EUR,2020-09-04,نشط
63,29,جاري,53358.22,USD,2021-09-22,نشط
64,30,جاري,13950.38,EUR,2022-12-28,نشط
65,31,توفير,84571.19,EUR,2025-06-04,نشط
66,32,توفير,70477.21,USD,2021-03-04,نشط
67,33,استثمار,60611.17,EUR,2021-05-29,نشط
68,33,استثمار,40124.19,EUR,2025-03-04,نشط
69,34,جاري,56622.97,EUR,2021-08-06,نشط
70,35,جاري,10139.18,USD,2021-05-13,نشط
71,36,توفير,40872.59,SAR,2025-01-12,نشط
72,36,توفير,114.8,USD,2025-06-12,نشط
73,36,جاري,45429.25,SAR,2024-02-25,نشط
74,37,جاري,53949.19,USD,2022-02-18,نشط
75,37,جاري,76497.05,EUR,2019-07-15,نشط
76,38,توفير,27495.68,SAR,2021-09-05,نشط
77,39,توفير,91877.32,USD,2024-12-25,نشط
78,39,توفير,83405.39,SAR,2024-09-08,نشط
79,39,توفير,22509.21,USD,2025-01-21,نشط
80,40,توفير,15228.33,EUR,2022-12-08,نشط
81,40,توفير,37484.77,USD,2024-03-14,نشط
82,41,جاري,57932.09,EUR,2023-07-20,نشط
83,42,توفير,84613.48,USD,2025-04-23,نشط
84,43,جاري,38003.93,SAR,2020-12-10,نشط
85,43,استثمار,95455.41,EUR,2025-02-21,نشط
86,44,استثمار,8127.06,SAR,2025-05-07,نشط
87,44,جاري,79372.28,SAR,2025-04-29,نشط
88,45,توفير,99023.17,EUR,2024-11-24,نشط
89,45,جاري,40017.94,SAR,2024-09-13,نشط
90,45,جاري,98987.64,USD,2025-01-16,نشط
91,46,استثمار,1650.17,USD,2023-02-24,نشط
92,46,جاري,56474.48,EUR,2019-05-13,نشط
93,46,توفير,7161.58,USD,2021-11-13,نشط
94,47,استثمار,94101.16,USD,2024-06-22,نشط
95,47,جاري,68188.29,SAR,2025-05-11,نشط
96,48,جاري,88830.95,SAR,2020-03-09,نشط
97,48,توفير,6396.74,USD,2016-02-09,نشط
98,49,استثمار,34511.27,USD,2023-09-29,نشط
99,49,توفير,93011.84,SAR,2025-07-09,نشط
100,49,استثمار,33490.76,USD,2022-06-25,نشط
101,50,جاري,4510.38,EUR,2025-06-12,نشط
102,50,توفير,48821.95,SAR,2024-09-18,نشط
103,50,جاري,76931.99,USD,2025-05-05,نشط
104,51,توفير,93490.46,USD,2021-12-28,نشط
105,52,جاري,79296.87,USD,2023-05-24,نشط
106,52,استثمار,6501.95,EUR,2021-02-16,نشط
107,52,توفير,39166.36,USD,2023-01-21,نشط
108,53,توفير,41764.22,SAR,2025-04-30,نشط
109,53,توفير,59226.98,EUR,2025-01-14,نشط
110,54,استثمار,81585.36,EUR,2024-03-09,نشط
111,54,جاري,82166.22,SAR,2024-05-03,نشط
112,55,استثمار,97749.02,USD,2022-09-21,نشط
113,55,استثمار,21520.17,SAR,2023-11-29,نشط
114,56,استثمار,26488.99,EUR,2024-06-19,نشط
115,56,جاري,54243.73,EUR,2019-06-04,نشط
116,57,استثمار,38893.24,EUR,2020-07-09,نشط
117,58,استثمار,50076.46,EUR,2025-05-31,نشط
118,58,استثمار,9722.59,EUR,2023-08-21,نشط
119,59,جاري,22741.43,SAR,2025-04-10,نشط
120,59,استثمار,93049.55,EUR,2023-10-28,نشط
121,59,توفير,51802.17,SAR,2025-03-30,نشط
122,60,توفير,63963.18,SAR,2024-02-29,نشط
123,61,جاري,34944.06,USD,2022-07-06,نشط
124,61,توفير,86277.25,EUR,2022-08-27,نشط
125,61,استثمار,2993.1,SAR,2024-05-31,نشط
126,62,جاري,95028.78,USD,2022-02-20,نشط
127,63,استثمار,49288.49,EUR,2021-10-26,نشط
128,63,استثمار,77590.99,USD,2023-06-03,نشط
129,64,توفير,81380.96,SAR,2019-04-11,نشط
130,65,استثمار,88974.16,EUR,2020-07-02,نشط
131,65,استثمار,62616.33,USD,2023-06-30,نشط
132,65,جاري,21296.83,USD,2018-06-14,نشط
133,66,توفير,25504.47,SAR,2023-06-01,نشط
134,67,جاري,22932.13,EUR,2024-09-23,نشط
135,67,استثمار,30386.04,SAR,2023-03-11,نشط
136,68,استثمار,38815.06,USD,2025-03-21,نشط
137,68,جاري,9566.76,EUR,2025-02-11,نشط
138,69,جاري,48044.76,SAR,2024-08-04,نشط
139,69,توفير,56936.41,USD,2023-07-24,نشط
140,70,توفير,56662.41,USD,2016-12-23,نشط
141,71,استثمار,749.87,SAR,2024-06-03,نشط
142,71,توفير,62491.64,EUR,2023-10-05,نشط
143,72,استثمار,67181.27,USD,2024-08-02,نشط
144,72,توفير,9426.6,SAR,2025-07-14,نشط
145,72,استثمار,84809.28,EUR,2022-10-10,نشط
146,73,استثمار,69767.28,USD,2025-01-25,نشط
147,73,استثمار,27988.02,SAR,2024-07-30,نشط
148,73,توفير,46451.69,USD,2023-02-21,نشط
149,74,توفير,42901.51,EUR,2024-12-06,نشط
150,74,استثمار,6864.23,EUR,2025-06-16,نشط
151,74,توفير,66998.35,USD,2025-02-19,نشط
152,75,استثمار,29702.74,USD,2018-04-07,نشط
153,76,توفير,95618.77,SAR,2025-02-01,نشط
154,76,استثمار,53166.48,SAR,2023-05-16,نشط
155,76,توفير,5036.59,EUR,2023-10-07,نشط
156,77,جاري,96991.09,SAR,2020-05-06,نشط
157,77,استثمار,76596.97,EUR,2022-09-03,نشط
158,77,توفير,81322.71,EUR,2024-08-04,نشط
159,78,جاري,11819.11,EUR,2024-05-05,نشط
160,79,جاري,42896.39,EUR,2024-12-15,نشط
161,79,توفير,95997.63,USD,2025-01-17,نشط
162,80,جاري,73418.35,USD,2024-10-14,نشط
163,81,استثمار,12251.35,SAR,2024-02-08,نشط
164,82,استثمار,46038.59,USD,2025-05-09,نشط
165,83,استثمار,66941.9,SAR,2024-07-09,نشط
166,84,استثمار,13326.9,SAR,2025-02-07,نشط
167,84,استثمار,6461.99,USD,2025-02-03,نشط
168,84,استثمار,67780.13,SAR,2024-09-11,نشط
169,85,توفير,29637.02,USD,2023-03-11,نشط
170,85,جاري,76717.58,USD,2023-09-30,نشط
171,85,استثمار,32669.48,EUR,2023-11-29,نشط
172,86,جاري,5310.85,EUR,2023-12-28,نشط
173,87,جاري,61764.34,EUR,2024-12-23,نشط
174,88,توفير,17388.1,EUR,2024-03-23,نشط
175,88,استثمار,29615.77,SAR,2020-05-13,نشط
176,88,جاري,69964.21,USD,2019-09-22,نشط
177,89,استثمار,46332.42,SAR,2024-05-02,نشط
178,90,جاري,2986.75,EUR,2023-12-26,نشط
179,90,جاري,11390.43,EUR,2020-03-15,نشط
180,91,جاري,88886.64,EUR,2022-09-11,نشط
181,92,استثمار,312.26,EUR,2018-09-13,نشط
182,92,استثمار,14263.48,USD,2018-12-24,نشط
183,92,استثمار,29833.63,SAR,2025-03-02,نشط
184,93,جاري,60406.89,EUR,2020-10-29,نشط
185,94,توفير,92692.1,SAR,2024-03-09,نشط
186,94,جاري,71472.36,EUR,2023-10-20,نشط
187,95,استثمار,97673.09,SAR,2024-11-11,نشط
188,95,استثمار,87019.98,SAR,2025-04-10,نشط
189,95,جاري,47305.64,EUR,2025-03-15,نشط
190,96,جاري,33180.87,EUR,2022-12-03,نشط
191,97,توفير,97992.28,EUR,2021-10-12,نشط
192,97,استثمار,50168.35,EUR,2022-08-11,نشط
193,98,جاري,63334.83,SAR,2022-06-03,نشط
194,98,توفير,66022.29,SAR,2024-02-06,نشط
195,99,جاري,75357.79,USD,2024-01-11,نشط
196,99,استثمار,69709.09,SAR,2023-07-29,نشط
197,99,توفير,46656.11,SAR,2022-02-19,نشط
198,100,استثمار,58293.75,SAR,2025-05-15,نشط
199,100,استثمار,57334.96,EUR,2021-05-04,نشط
200,100,استثمار,8159.23,USD,2022-06-22,نشط
201,101,توفير,69637.08,USD,2025-05-16,نشط
202,101,توفير,96480.97,USD,2025-01-19,نشط
203,101,توفير,35427.09,SAR,2024-09-11,نشط
204,102,جاري,59566.29,USD,2024-05-02,نشط
205,102,استثمار,31018.03,SAR,2022-05-20,نشط
206,102,توفير,31054.44,SAR,2020-08-30,نشط
207,103,توفير,91732.76,USD,2025-03-11,نشط
208,103,توفير,18597.94,USD,2024-04-04,نشط
209,103,استثمار,15475.98,EUR,2024-03-08,نشط
210,104,جاري,8821.79,USD,2025-02-24,نشط
211,104,استثمار,61824.76,USD,2018-02-18,نشط
212,104,جاري,39320.62,USD,2023-11-10,نشط
213,105,استثمار,57100.28,EUR,2021-12-12,نشط
214,106,جاري,68521.01,USD,2019-07-19,نشط
215,106,جاري,54729.43,EUR,2022-07-14,نشط
216,107,استثمار,73696.04,USD,2025-06-28,نشط
217,107,توفير,13472.63,SAR,2025-07-14,نشط
218,108,جاري,1454.68,USD,2024-05-10,نشط
219,108,توفير,85476.61,SAR,2018-08-09,نشط
220,109,جاري,58293.31,EUR,2021-10-09,نشط
221,110,جاري,73266.88,EUR,2024-03-15,نشط
222,110,استثمار,48475.79,USD,2023-09-08,نشط
223,111,جاري,36372.51,USD,2022-09-22,نشط
224,111,جاري,96182.67,USD,2022-05-26,نشط
225,111,جاري,23902.99,EUR,2023-09-16,نشط
226,112,توفير,13502.85,SAR,2021-11-24,نشط
227,113,استثمار,17411.72,USD,2024-04-19,نشط
228,114,جاري,53085.58,USD,2024-05-20,نشط
229,114,جاري,59798.72,EUR,2024-05-20,نشط
230,115,جاري,93470.42,EUR,2025-02-09,نشط
231,116,استثمار,79145.48,SAR,2024-07-13,نشط
232,116,استثمار,41768.48,SAR,2024-08-02,نشط
233,116,جاري,57938.41,SAR,2025-04-29,نشط
234,117,استثمار,11677.66,EUR,2021-12-29,نشط
235,117,جاري,18984.12,USD,2024-11-30,نشط
236,118,جاري,46021.34,SAR,2023-10-06,نشط
237,118,جاري,69374.28,USD,2023-05-09,نشط
238,119,توفير,52210.78,EUR,2022-10-14,نشط
239,119,استثمار,38697.75,SAR,2021-01-02,نشط
240,119,جاري,12835.51,SAR,2022-06-16,نشط
241,120,استثمار,990.91,SAR,2024-03-30,نشط
242,120,استثمار,9488.87,USD,2024-03-12,نشط
243,121,توفير,59094.17,SAR,2024-03-01,نشط
244,121,جاري,41909.97,SAR,2023-08-20,نشط
245,122,استثمار,24712.57,EUR,2025-01-07,نشط
246,123,استثمار,70658.29,SAR,2018-01-04,نشط
247,124,توفير,68098.61,EUR,2024-03-12,نشط
248,124,توفير,40643.0,USD,2024-11-24,نشط
249,124,جاري,91010.66,SAR,2023-03-01,نشط
250,125,توفير,47792.1,SAR,2025-06-23,نشط
251,125,استثمار,4868.9,EUR,2025-07-14,نشط
252,126,جاري,4056.8,USD,2019-01-01,نشط
253,127,جاري,64346.76,EUR,2024-05-05,نشط
254,127,استثمار,37339.9,USD,2021-01-31,نشط
255,127,جاري,63133.93,USD,2023-05-04,نشط
256,128,جاري,90585.18,USD,2023-08-03,نشط
257,129,توفير,40830.58,SAR,2021-09-04,نشط
258,129,استثمار,83224.24,USD,2022-06-15,نشط
259,130,توفير,45988.89,USD,2025-01-27,نشط
260,130,استثمار,8864.25,USD,2024-12-17,نشط
261,131,جاري,98640.48,SAR,2018-04-20,نشط
262,131,استثمار,33974.23,USD,2023-05-09,نشط
263,131,جاري,96106.41,SAR,2019-09-05,نشط
264,132,توفير,81717.77,EUR,2023-08-25,نشط
265,132,توفير,97791.04,SAR,2022-09-17,نشط
266,133,جاري,72738.35,EUR,2024-09-06,نشط
267,134,استثمار,65974.13,USD,2020-05-19,نشط
268,134,استثمار,74947.73,EUR,2025-03-21,نشط
269,134,توفير,1635.34,USD,2020-01-31,نشط
270,135,جاري,27371.87,SAR,2025-03-20,نشط
271,135,توفير,12024.22,EUR,2024-07-28,نشط
272,135,جاري,23683.3,EUR,2024-01-21,نشط
273,136,استثمار,88886.39,SAR,2024-03-09,نشط
274,136,توفير,55362.58,EUR,2024-08-23,نشط
275,137,توفير,1741.83,SAR,2024-11-22,نشط
276,137,جاري,61801.49,EUR,2024-03-09,نشط
277,137,توفير,96675.89,SAR,2022-09-22,نشط
278,138,استثمار,53058.98,EUR,2018-07-23,نشط
279,139,توفير,16509.44,EUR,2024-03-18,نشط
280,139,توفير,23189.53,EUR,2021-08-24,نشط
281,140,توفير,70214.82,USD,2022-06-13,نشط
282,141,جاري,17442.6,SAR,2019-09-03,نشط
283,141,توفير,46201.25,SAR,2020-12-07,نشط
284,141,استثمار,76164.93,SAR,2021-07-24,نشط
285,142,استثمار,44494.17,EUR,2022-04-18,نشط
286,142,توفير,96841.04,SAR,2024-11-28,نشط
287,142,توفير,93506.0,USD,2022-02-15,نشط
288,143,جاري,24130.65,EUR,2019-06-09,نشط
289,144,جاري,71664.89,SAR,2022-10-16,نشط
290,144,توفير,1913.78,USD,2023-03-16,نشط
291,144,استثمار,45000.19,USD,2021-01-28,نشط
292,145,استثمار,17898.81,EUR,2025-02-22,نشط
293,145,توفير,70736.03,SAR,2025-03-09,نشط
294,145,توفير,32535.63,SAR,2025-05-09,نشط
295,146,توفير,73471.44,EUR,2022-11-23,نشط
296,146,استثمار,784.7,USD,2024-05-05,نشط
297,147,جاري,98871.46,USD,2019-07-01,نشط
298,147,توفير,23301.02,SAR,2017-12-19,نشط
299,148,توفير,31466.47,USD,2023-03-30,نشط
300,148,جاري,92162.63,SAR,2023-08-15,نشط
301,149,استثمار,78257.33,EUR,2025-03-30,نشط
302,149,جاري,44510.01,SAR,2025-03-19,نشط
303,149,توفير,48414.5,USD,2025-05-08,نشط
304,150,استثمار,29864.88,SAR,2024-02-18,نشط
305,151,جاري,25863.97,USD,2017-10-13,نشط
306,151,جاري,60663.88,SAR,2023-11-15,نشط
307,152,استثمار,47394.68,SAR,2025-04-27,نشط
308,152,جاري,43520.23,SAR,2025-04-18,نشط
309,153,استثمار,7985.56,SAR,2025-06-20,نشط
310,153,توفير,97615.07,EUR,2018-12-08,نشط
311,154,استثمار,41435.48,USD,2023-07-03,نشط
312,154,استثمار,74015.3,USD,2024-08-09,نشط
313,154,جاري,64670.1,SAR,2023-05-13,نشط
314,155,توفير,77502.0,USD,2023-10-31,نشط
315,155,استثمار,7702.7,SAR,2025-07-05,نشط
316,156,توفير,19519.66,EUR,2023-08-01,نشط
317,156,جاري,41545.14,USD,2021-12-07,نشط
318,156,استثمار,69926.21,EUR,2019-07-18,نشط
319,157,جاري,89532.92,SAR,2021-10-11,نشط
320,157,استثمار,50849.72,EUR,2024-04-27,نشط
321,157,جاري,34606.41,SAR,2024-12-31,نشط
322,158,استثمار,3991.81,USD,2023-06-08,نشط
323,158,جاري,14398.87,SAR,2024-01-11,نشط
324,159,جاري,73589.6,USD,2024-02-14,نشط
325,159,جاري,36455.41,SAR,2023-07-21,نشط
326,160,توفير,18262.9,USD,2025-02-27,نشط
327,160,توفير,6922.09,EUR,2025-04-23,نشط
328,161,استثمار,36649.86,USD,2024-08-17,نشط
329,161,جاري,66560.14,USD,2021-07-04,نشط
330,161,جاري,71536.67,EUR,2023-05-18,نشط
331,162,جاري,32823.76,EUR,2025-06-17,نشط
332,162,توفير,17780.42,USD,2025-07-16,نشط
333,163,توفير,65145.87,EUR,2025-01-06,نشط
334,163,توفير,13554.44,SAR,2024-10-06,نشط
335,164,توفير,49998.79,USD,2019-08-22,نشط
336,164,توفير,32649.48,EUR,2024-03-25,نشط
337,164,استثمار,83943.61,USD,2023-07-22,نشط
338,165,جاري,32421.09,SAR,2024-09-30,نشط
339,165,جاري,10670.88,SAR,2025-07-08,نشط
340,165,توفير,32085.83,USD,2024-03-15,نشط
341,166,جاري,12001.72,EUR,2024-10-01,نشط
342,167,جاري,82237.0,SAR,2024-09-05,نشط
343,167,توفير,41934.05,SAR,2023-12-05,نشط
344,168,جاري,44410.71,EUR,2025-06-30,نشط
345,168,توفير,56377.64,EUR,2020-03-05,نشط
346,168,استثمار,39522.92,SAR,2020-11-18,نشط
347,169,جاري,34956.28,SAR,2021-03-21,نشط
348,169,استثمار,54993.93,SAR,2021-03-12,نشط
349,169,توفير,45102.48,EUR,2023-06-14,نشط
350,170,توفير,34214.01,EUR,2023-10-29,نشط
351,170,جاري,44040.47,USD,2023-01-26,نشط
352,171,توفير,73579.35,USD,2025-01-23,نشط
353,172,جاري,53754.79,USD,2022-09-22,نشط
354,173,جاري,16869.66,USD,2024-04-12,نشط
355,174,توفير,20992.25,SAR,2023-10-15,نشط
356,175,استثمار,17667.0,EUR,2019-08-04,نشط
357,175,توفير,60481.67,SAR,2019-06-09,نشط
358,175,استثمار,86265.48,SAR,2022-12-25,نشط
359,176,توفير,38217.39,SAR,2020-12-17,نشط
360,177,استثمار,39842.89,EUR,2023-01-29,نشط
361,177,جاري,70223.02,EUR,2025-01-11,نشط
362,177,توفير,95029.9,SAR,2024-04-01,نشط
363,178,استثمار,6979.11,USD,2024-10-09,نشط
364,178,استثمار,59036.44,USD,2024-06-28,نشط
365,179,توفير,18492.0,SAR,2025-07-24,نشط
366,179,توفير,26940.9,SAR,2025-05-22,نشط
367,179,استثمار,19042.53,SAR,2023-06-07,نشط
368,180,توفير,49043.3,EUR,2024-08-29,نشط
369,180,جاري,31026.92,EUR,2023-11-23,نشط
370,180,استثمار,42919.23,SAR,2024-08-12,نشط
371,181,جاري,97622.41,USD,2025-07-20,نشط
372,181,جاري,22840.89,USD,2024-07-10,نشط
373,182,جاري,24909.13,SAR,2024-12-15,نشط
374,182,جاري,40402.12,SAR,2025-02-01,نشط
375,182,استثمار,69341.74,SAR,2024-09-20,نشط
376,183,جاري,41633.78,EUR,2018-11-04,نشط
377,184,توفير,65493.87,SAR,2019-09-17,نشط
378,184,توفير,49300.92,USD,2024-09-07,نشط
379,185,جاري,77784.68,EUR,2025-01-19,نشط
380,185,توفير,28582.2,SAR,2022-04-18,نشط
381,186,جاري,56711.12,EUR,2023-11-01,نشط
382,187,استثمار,56749.16,USD,2021-05-12,نشط
383,187,جاري,60418.08,USD,2018-07-24,نشط
384,188,استثمار,91399.01,SAR,2022-01-25,نشط
385,189,جاري,39464.76,SAR,2019-10-31,نشط
386,189,توفير,78281.22,USD,2020-07-30,نشط
387,190,استثمار,44942.94,SAR,2025-01-05,نشط
388,191,توفير,43039.87,USD,2025-06-27,نشط
389,191,توفير,54026.68,EUR,2020-11-14,نشط
390,191,جاري,50260.11,USD,2020-12-17,نشط
391,192,توفير,34536.26,SAR,2025-03-06,نشط
392,192,جاري,69957.7,EUR,2021-01-30,نشط
393,193,استثمار,55507.93,SAR,2022-04-13,نشط
394,193,توفير,78556.09,EUR,2025-04-23,نشط
395,194,جاري,69266.78,USD,2025-03-15,نشط
396,194,استثمار,49483.79,USD,2024-12-03,نشط
397,195,توفير,37961.64,SAR,2022-12-24,نشط
398,195,جاري,51027.61,SAR,2016-07-16,نشط
399,196,توفير,61108.84,SAR,2025-04-14,نشط
400,197,استثمار,18689.58,SAR,2022-12-01,نشط
401,197,توفير,69774.86,SAR,2024-04-03,نشط
402,197,توفير,15130.47,SAR,2025-01-10,نشط
403,198,جاري,73493.86,EUR,2023-09-07,نشط
404,199,استثمار,47308.82,SAR,2025-06-03,نشط
405,199,جاري,88670.11,EUR,2025-05-27,نشط
406,199,استثمار,46227.32,EUR,2023-11-16,نشط
407,200,جاري,26521.86,USD,2024-08-26,نشط
408,200,توفير,59412.08,USD,2025-01-16,نشط
409,200,استثمار,98098.31,USD,2022-09-27,نشط
410,201,توفير,37558.85,USD,2025-02-09,نشط
411,201,جاري,62957.56,EUR,2025-06-02,نشط
412,202,استثمار,63967.27,USD,2024-06-26,نشط
413,203,استثمار,7898.76,SAR,2023-03-28,نشط
414,203,جاري,40882.58,SAR,2022-12-13,نشط
415,203,جاري,79667.88,EUR,2025-01-28,نشط
416,204,جاري,86098.34,EUR,2025-06-11,نشط
417,204,جاري,64648.92,SAR,2025-05-03,نشط
418,205,جاري,14421.31,SAR,2020-06-18,نشط
419,205,جاري,89730.6,USD,2023-11-02,نشط
420,206,جاري,61305.99,USD,2023-07-19,نشط
421,206,توفير,74734.89,EUR,2024-06-23,نشط
422,206,استثمار,12534.04,SAR,2024-03-24,نشط
423,207,توفير,4817.89,SAR,2023-09-06,نشط
424,207,جاري,67590.04,USD,2023-09-08,نشط
425,207,توفير,16594.87,SAR,2024-10-29,نشط
426,208,استثمار,90292.16,USD,2024-12-09,نشط
427,208,توفير,65473.99,SAR,2022-05-01,نشط
428,208,استثمار,23635.96,EUR,2018-12-19,نشط
429,209,جاري,79587.51,EUR,2021-08-28,نشط
430,209,استثمار,38482.9,EUR,2018-05-17,نشط
431,210,استثمار,25147.38,EUR,2025-04-11,نشط
432,210,توفير,73335.96,SAR,2025-06-09,نشط
433,211,استثمار,46232.88,EUR,2025-06-12,نشط
434,211,جاري,69585.02,EUR,2025-03-19,نشط
435,212,توفير,94393.72,USD,2019-06-05,نشط
436,212,استثمار,91135.18,EUR,2020-07-15,نشط
437,212,استثمار,83324.19,EUR,2022-09-29,نشط
438,213,استثمار,81605.23,EUR,2025-07-12,نشط
439,213,توفير,3413.82,EUR,2025-06-04,نشط
440,213,توفير,41689.21,EUR,2025-04-06,نشط
441,214,استثمار,61215.91,USD,2025-03-22,نشط
442,215,استثمار,37839.52,USD,2021-12-30,نشط
443,215,استثمار,51226.49,USD,2019-10-07,نشط
444,216,استثمار,33768.14,EUR,2022-11-12,نشط
445,217,جاري,39202.04,SAR,2024-01-16,نشط
446,217,جاري,15425.79,EUR,2021-09-22,نشط
447,218,توفير,46060.53,USD,2018-02-12,نشط
448,218,جاري,94429.6,USD,2023-12-31,نشط
449,219,استثمار,60106.24,USD,2017-04-25,نشط
450,219,استثمار,41168.04,SAR,2023-11-11,نشط
451,219,استثمار,29082.79,USD,2021-10-18,نشط
452,220,جاري,18249.05,EUR,2025-03-10,نشط
453,221,جاري,52197.56,SAR,2022-11-28,نشط
454,222,استثمار,51699.19,SAR,2024-03-05,نشط
455,222,استثمار,21223.86,EUR,2023-07-08,نشط
456,223,جاري,64305.61,EUR,2024-03-08,نشط
457,224,توفير,55521.77,EUR,2023-07-27,نشط
458,224,جاري,50007.24,SAR,2023-12-26,نشط
459,224,توفير,9463.16,EUR,2020-10-06,نشط
460,225,توفير,28052.59,EUR,2019-05-06,نشط
461,225,توفير,76893.55,SAR,2022-06-10,نشط
462,226,توفير,79114.97,USD,2023-10-22,نشط
463,227,توفير,23449.8,SAR,2024-06-18,نشط
464,228,توفير,44220.89,EUR,2021-09-28,نشط
465,229,جاري,971.97,SAR,2024-10-05,نشط
466,229,جاري,23391.56,SAR,2024-12-31,نشط
467,230,توفير,71910.45,USD,2025-07-17,نشط
468,230,جاري,76628.07,USD,2022-03-02,نشط
469,230,توفير,92690.31,USD,2022-10-22,نشط
470,231,استثمار,56797.81,SAR,2024-02-18,نشط
471,231,استثمار,79757.27,SAR,2023-02-15,نشط
472,231,استثمار,77361.99,USD,2023-08-18,نشط
473,232,جاري,7843.49,EUR,2023-12-27,نشط
474,232,توفير,30174.82,SAR,2025-05-29,نشط
475,232,توفير,46000.03,EUR,2024-09-16,نشط
476,233,استثمار,22552.76,EUR,2021-09-14,نشط
477,233,استثمار,59080.96,EUR,2019-11-14,نشط
478,234,جاري,64530.83,SAR,2023-12-29,نشط
479,235,توفير,93358.48,EUR,2020-10-22,نشط
480,236,جاري,47855.54,EUR,2023-11-05,نشط
481,237,استثمار,49449.36,USD,2018-12-12,نشط
482,237,توفير,58329.16,SAR,2021-11-13,نشط
483,237,جاري,46078.88,EUR,2020-06-21,نشط
484,238,جاري,27244.49,SAR,2023-04-14,نشط
485,239,استثمار,56701.66,USD,2025-07-09,نشط
486,239,استثمار,8975.48,EUR,2025-05-06,نشط
487,240,توفير,76730.98,USD,2024-10-08,نشط
488,241,جاري,78349.06,SAR,2023-12-10,نشط
489,241,استثمار,64928.11,USD,2021-04-26,نشط
490,241,جاري,77501.21,USD,2021-10-06,نشط
491,242,توفير,83966.85,USD,2022-09-20,نشط
492,243,جاري,78133.11,EUR,2024-08-04,نشط
493,243,استثمار,57802.53,USD,2025-03-02,نشط
494,243,جاري,20065.41,USD,2024-07-28,نشط
495,244,جاري,14308.51,EUR,2023-04-30,نشط
496,245,توفير,92361.91,EUR,2025-03-29,نشط
497,246,جاري,4144.86,SAR,2024-06-09,نشط
498,246,توفير,84301.07,USD,2025-01-18,نشط
499,247,استثمار,30711.17,SAR,2022-10-15,نشط
500,247,جاري,80043.82,EUR,2024-10-03,نشط
501,247,توفير,51214.21,SAR,2025-05-23,نشط
502,248,جاري,29960.25,USD,2025-02-06,نشط
503,249,جاري,80275.25,USD,2022-05-07,نشط
504,249,توفير,26539.44,EUR,2023-10-27,نشط
505,249,توفير,7164.41,USD,2023-08-12,نشط
506,250,استثمار,49395.58,SAR,2022-05-17,نشط
507,250,استثمار,86072.21,EUR,2025-03-05,نشط
508,251,جاري,27854.53,USD,2022-05-10,نشط
509,252,استثمار,97167.4,EUR,2025-01-06,نشط
510,252,توفير,64141.74,SAR,2025-04-24,نشط
511,253,توفير,52351.27,USD,2024-06-07,نشط
512,253,توفير,75596.43,EUR,2025-05-24,نشط
513,254,توفير,75433.88,EUR,2019-02-25,نشط
514,254,توفير,9125.35,SAR,2019-03-16,نشط
515,255,توفير,4065.87,USD,2018-10-26,نشط
516,255,جاري,68117.57,EUR,2023-05-20,نشط
517,255,استثمار,83311.38,EUR,2022-05-03,نشط
518,256,استثمار,10342.95,USD,2021-04-08,نشط
519,256,توفير,46539.14,SAR,2021-10-18,نشط
520,256,استثمار,30305.34,SAR,2021-12-05,نشط
521,257,جاري,21764.23,USD,2022-09-02,نشط
522,258,استثمار,66629.75,EUR,2021-04-07,نشط
523,258,جاري,33350.67,SAR,2023-12-18,نشط
524,258,جاري,13400.17,USD,2019-12-27,نشط
525,259,توفير,27073.25,USD,2024-06-25,نشط
526,259,جاري,80153.56,EUR,2024-01-04,نشط
527,260,استثمار,72979.15,SAR,2019-11-03,نشط
528,260,توفير,54781.26,USD,2018-08-01,نشط
529,261,استثمار,99502.2,EUR,2024-09-03,نشط
530,261,استثمار,90751.78,EUR,2025-05-30,نشط
531,262,جاري,88197.68,USD,2020-10-12,نشط
532,262,استثمار,7872.48,SAR,2021-03-29,نشط
533,263,توفير,517.15,SAR,2023-10-11,نشط
534,263,استثمار,95534.57,EUR,2020-08-31,نشط
535,264,استثمار,63826.03,USD,2017-09-25,نشط
536,264,جاري,62612.89,USD,2023-10-13,نشط
537,265,جاري,90106.51,USD,2021-06-10,نشط
538,265,توفير,43824.3,USD,2022-05-10,نشط
539,266,توفير,73823.67,EUR,2021-10-21,نشط
540,266,جاري,11250.74,SAR,2023-01-07,نشط
541,266,توفير,57272.2,EUR,2023-04-29,نشط
542,267,استثمار,99121.73,SAR,2021-07-21,نشط
543,267,جاري,28565.84,EUR,2024-09-12,نشط
544,267,توفير,12989.58,USD,2024-08-23,نشط
545,268,توفير,71664.64,USD,2021-11-17,نشط
546,269,توفير,88912.13,EUR,2022-01-27,نشط
547,269,جاري,64756.84,SAR,2025-01-31,نشط
548,269,توفير,49717.9,USD,2024-10-19,نشط
549,270,استثمار,11495.93,SAR,2025-03-23,نشط
550,270,استثمار,91090.04,USD,2024-09-02,نشط
551,270,جاري,23790.04,EUR,2025-03-30,نشط
552,271,استثمار,19736.91,EUR,2021-11-11,نشط
553,271,جاري,44395.05,EUR,2023-03-08,نشط
554,272,توفير,80706.68,USD,2022-05-25,نشط
555,272,توفير,14672.07,USD,2024-05-14,نشط
556,273,توفير,62300.05,USD,2023-07-30,نشط
557,273,استثمار,70070.07,USD,2021-05-23,نشط
558,273,استثمار,66279.52,SAR,2025-04-23,نشط
559,274,توفير,26025.9,SAR,2023-06-15,نشط
560,275,استثمار,55617.24,EUR,2017-12-25,نشط
561,276,توفير,93941.17,EUR,2021-10-11,نشط
562,276,جاري,16852.34,EUR,2021-10-28,نشط
563,277,توفير,99052.76,EUR,2024-12-08,نشط
564,277,جاري,93387.21,EUR,2024-02-17,نشط
565,277,استثمار,55935.78,USD,2025-02-21,نشط
566,278,استثمار,13156.17,USD,2024-02-23,نشط
567,278,استثمار,46088.89,EUR,2024-05-23,نشط
568,279,جاري,71642.09,USD,2025-07-11,نشط
569,279,توفير,38175.5,EUR,2025-06-24,نشط
570,280,استثمار,64328.16,SAR,2025-03-02,نشط
571,280,استثمار,39406.49,EUR,2025-04-04,نشط
572,280,توفير,8808.49,SAR,2024-09-28,نشط
573,281,جاري,96564.34,EUR,2024-12-20,نشط
574,282,استثمار,13576.69,USD,2017-03-29,نشط
575,283,جاري,78828.55,SAR,2025-01-23,نشط
576,284,جاري,92661.62,SAR,2024-05-10,نشط
577,285,جاري,26887.95,EUR,2021-12-01,نشط
578,285,استثمار,90762.65,SAR,2022-09-21,نشط
579,286,استثمار,22020.44,USD,2025-05-05,نشط
580,286,توفير,6079.47,EUR,2021-09-14,نشط
581,286,استثمار,62673.2,EUR,2018-03-16,نشط
582,287,استثمار,42880.02,SAR,2022-04-14,نشط
583,287,استثمار,5954.62,EUR,2023-01-08,نشط
584,288,جاري,91788.05,SAR,2024-12-15,نشط
585,288,جاري,79418.78,SAR,2022-10-15,نشط
586,289,استثمار,12081.26,SAR,2020-12-04,نشط
587,290,استثمار,23140.94,EUR,2023-10-24,نشط
588,291,جاري,80956.59,EUR,2024-12-29,نشط
589,291,استثمار,32520.93,USD,2024-06-19,نشط
590,292,توفير,23192.5,SAR,2023-09-19,نشط
591,293,توفير,12615.5,EUR,2018-03-19,نشط
592,294,استثمار,70886.01,USD,2019-04-13,نشط
593,295,جاري,44909.28,SAR,2021-12-07,نشط
594,296,استثمار,33697.46,EUR,2024-01-12,نشط
595,297,جاري,31385.84,USD,2024-09-13,نشط
596,297,جاري,20603.04,SAR,2024-09-26,نشط
597,297,استثمار,37513.77,SAR,2024-11-19,نشط
598,298,توفير,21812.49,SAR,2024-07-21,نشط
599,298,جاري,84459.07,USD,2025-02-04,نشط
600,298,استثمار,23001.23,EUR,2025-03-10,نشط
601,299,استثمار,37027.28,EUR,2025-01-13,نشط
602,299,استثمار,62910.03,USD,2025-01-27,نشط
603,299,استثمار,61848.58,EUR,2023-10-06,نشط
604,300,استثمار,89704.7,EUR,2022-03-04,نشط
605,301,جاري,73678.54,USD,2019-02-17,نشط
606,302,استثمار,86417.16,USD,2025-02-21,نشط
607,302,توفير,72799.54,EUR,2025-05-02,نشط
608,303,توفير,27936.43,SAR,2022-03-30,نشط
609,303,توفير,98348.3,SAR,2020-09-02,نشط
610,304,توفير,86220.06,EUR,2021-04-28,نشط
611,304,استثمار,54359.4,EUR,2018-01-02,نشط
612,304,جاري,35001.47,EUR,2019-03-19,نشط
613,305,توفير,7983.04,USD,2025-04-28,نشط
614,305,استثمار,96699.59,SAR,2023-11-08,نشط
615,305,جاري,65336.85,EUR,2023-06-12,نشط
616,306,جاري,79423.5,USD,2017-12-21,نشط
617,307,جاري,3012.64,USD,2024-07-27,نشط
618,308,توفير,71823.39,EUR,2015-09-13,نشط
619,309,جاري,81814.44,SAR,2025-02-20,نشط
620,309,استثمار,93642.04,SAR,2024-06-29,نشط
621,310,توفير,18058.4,EUR,2024-07-21,نشط
622,310,جاري,53033.84,USD,2025-02-22,نشط
623,310,استثمار,95115.33,USD,2025-04-27,نشط
624,311,جاري,4006.96,SAR,2022-08-14,نشط
625,312,جاري,29762.17,SAR,2023-12-15,نشط
626,312,استثمار,59937.32,SAR,2021-12-17,نشط
627,312,توفير,42165.64,EUR,2024-01-24,نشط
628,313,جاري,8514.49,USD,2023-10-03,نشط
629,314,جاري,5331.67,EUR,2020-08-01,نشط
630,314,توفير,11180.48,EUR,2020-01-31,نشط
631,314,جاري,9172.95,EUR,2019-07-17,نشط
632,315,توفير,1432.06,USD,2023-07-27,نشط
633,315,استثمار,96781.51,EUR,2023-06-08,نشط
634,315,جاري,16759.77,SAR,2023-06-30,نشط
635,316,استثمار,63161.63,SAR,2025-07-19,نشط
636,317,استثمار,10178.13,USD,2024-10-17,نشط
637,317,جاري,17456.75,SAR,2022-12-25,نشط
638,317,جاري,88293.13,SAR,2025-01-27,نشط
639,318,توفير,75752.24,USD,2021-09-11,نشط
640,318,توفير,80458.33,EUR,2022-12-30,نشط
641,318,توفير,38640.12,USD,2023-03-21,نشط
642,319,جاري,66514.44,SAR,2023-10-17,نشط
643,319,توفير,68490.5,USD,2022-09-06,نشط
644,319,استثمار,75139.95,SAR,2024-08-27,نشط
645,320,استثمار,23015.73,USD,2024-12-14,نشط
646,321,استثمار,72680.54,SAR,2025-01-07,نشط
647,321,استثمار,33816.96,USD,2023-08-09,نشط
648,322,توفير,72540.76,EUR,2025-04-04,نشط
649,323,توفير,4321.57,SAR,2018-11-09,نشط
650,324,جاري,92947.24,USD,2017-11-13,نشط
651,324,جاري,62867.5,EUR,2022-01-04,نشط
652,324,جاري,86279.3,EUR,2022-06-05,نشط
653,325,جاري,69930.15,USD,2024-12-09,نشط
654,325,استثمار,41885.85,EUR,2025-04-17,نشط
655,326,استثمار,66446.89,SAR,2019-01-12,نشط
656,327,جاري,86204.97,EUR,2025-07-25,نشط
657,328,جاري,59815.56,EUR,2022-02-09,نشط
658,329,جاري,58914.6,USD,2020-07-14,نشط
659,329,استثمار,14613.25,USD,2020-11-01,نشط
660,330,توفير,83602.46,EUR,2020-06-02,نشط
661,331,استثمار,70233.48,USD,2024-10-24,نشط
662,332,توفير,25239.28,EUR,2017-09-15,نشط
663,333,استثمار,15949.07,USD,2025-04-20,نشط
664,333,جاري,44260.82,USD,2023-07-24,نشط
665,334,استثمار,38128.1,EUR,2020-11-21,نشط
666,334,استثمار,91494.4,SAR,2024-03-21,نشط
667,334,جاري,44316.1,SAR,2021-04-06,نشط
668,335,توفير,36966.94,USD,2024-12-13,نشط
669,335,توفير,19442.45,SAR,2025-01-30,نشط
670,336,استثمار,97178.77,USD,2020-08-02,نشط
671,337,استثمار,91532.35,EUR,2020-04-01,نشط
672,337,جاري,54245.36,USD,2024-08-16,نشط
673,338,توفير,10772.55,SAR,2021-10-21,نشط
674,339,جاري,50982.23,USD,2023-03-12,نشط
675,339,توفير,95127.39,EUR,2023-09-09,نشط
676,340,توفير,85297.51,USD,2018-01-20,نشط
677,340,استثمار,68582.34,EUR,2018-02-18,نشط
678,341,استثمار,80720.91,SAR,2023-02-06,نشط
679,341,جاري,23486.06,USD,2017-04-26,نشط
680,341,استثمار,86703.82,SAR,2019-02-27,نشط
681,342,جاري,38357.06,USD,2017-02-06,نشط
682,343,استثمار,82514.77,EUR,2024-05-07,نشط
683,343,جاري,24627.31,SAR,2025-04-12,نشط
684,344,جاري,46642.7,SAR,2024-12-05,نشط
685,344,استثمار,52154.58,SAR,2025-04-29,نشط
686,345,توفير,25318.45,USD,2024-12-11,نشط
687,345,جاري,46517.87,USD,2024-10-18,نشط
688,346,توفير,4431.47,EUR,2021-10-29,نشط
689,346,استثمار,41550.61,EUR,2021-06-20,نشط
690,347,جاري,67341.92,USD,2024-10-25,نشط
691,348,توفير,24357.74,USD,2024-03-25,نشط
692,348,توفير,10215.59,USD,2019-10-10,نشط
693,348,جاري,1519.5,USD,2023-08-16,نشط
694,349,توفير,41585.39,EUR,2025-06-19,نشط
695,349,توفير,45414.45,EUR,2025-04-24,نشط
696,349,استثمار,23556.39,SAR,2025-06-06,نشط
697,350,استثمار,15030.04,SAR,2024-11-27,نشط
698,350,جاري,13782.8,SAR,2023-06-01,نشط
699,351,استثمار,5715.3,EUR,2024-10-10,نشط
700,351,جاري,99223.16,USD,2025-05-10,نشط
701,352,استثمار,29223.5,EUR,2020-02-02,نشط
702,352,استثمار,86057.14,USD,2023-08-01,نشط
703,352,توفير,74026.03,SAR,2021-09-05,نشط
704,353,توفير,14716.65,USD,2025-07-10,نشط
705,353,استثمار,84363.66,SAR,2025-07-24,نشط
706,354,توفير,90902.59,SAR,2025-07-14,نشط
707,355,استثمار,67587.46,SAR,2025-04-24,نشط
708,356,توفير,68791.18,USD,2024-12-18,نشط
709,356,جاري,322.76,SAR,2025-05-09,نشط
710,356,استثمار,40605.22,EUR,2024-11-07,نشط
711,357,جاري,32511.77,USD,2024-05-08,نشط
712,357,توفير,5006.34,SAR,2022-12-15,نشط
713,358,توفير,23736.93,USD,2017-03-19,نشط
714,358,توفير,77608.65,SAR,2017-12-14,نشط
715,358,جاري,5351.87,USD,2022-12-05,نشط
716,359,استثمار,72578.0,USD,2022-11-08,نشط
717,359,جاري,60570.07,EUR,2024-01-20,نشط
718,359,توفير,51836.31,USD,2023-02-06,نشط
719,360,استثمار,48883.57,EUR,2024-10-14,نشط
720,360,جاري,93101.54,SAR,2025-04-18,نشط
721,360,استثمار,60619.81,SAR,2024-12-25,نشط
722,361,جاري,69899.45,USD,2022-11-30,نشط
723,361,استثمار,98166.24,SAR,2022-05-22,نشط
724,361,توفير,29172.26,USD,2025-04-06,نشط
725,362,توفير,91577.33,EUR,2017-10-30,نشط
726,362,توفير,21656.25,EUR,2020-02-08,نشط
727,362,توفير,68497.0,EUR,2016-12-14,نشط
728,363,توفير,60977.57,SAR,2023-12-02,نشط
729,363,توفير,69911.52,USD,2022-10-12,نشط
730,363,استثمار,35482.62,USD,2024-01-19,نشط
731,364,جاري,44494.33,EUR,2022-07-29,نشط
732,364,استثمار,91888.19,EUR,2022-11-15,نشط
733,365,استثمار,88043.84,EUR,2022-11-17,نشط
734,365,توفير,41310.41,SAR,2022-01-09,نشط
735,365,جاري,72878.24,EUR,2022-04-25,نشط
736,366,استثمار,3961.72,SAR,2024-12-24,نشط
737,366,توفير,2813.82,USD,2022-09-03,نشط
738,366,جاري,76339.71,EUR,2022-10-21,نشط
739,367,استثمار,42441.45,EUR,2023-01-15,نشط
740,368,استثمار,33074.77,EUR,2021-08-17,نشط
741,369,توفير,57399.88,USD,2025-05-30,نشط
742,369,جاري,34466.86,SAR,2025-06-06,نشط
743,370,جاري,56693.41,USD,2022-12-21,نشط
744,370,استثمار,10902.9,USD,2025-07-17,نشط
745,371,جاري,68647.59,SAR,2021-09-01,نشط
746,371,استثمار,85113.6,USD,2016-01-05,نشط
747,372,توفير,6752.97,EUR,2019-08-12,نشط
748,372,توفير,1719.97,SAR,2024-01-25,نشط
749,373,جاري,47915.4,SAR,2024-10-26,نشط
750,373,توفير,99138.46,EUR,2023-01-25,نشط
751,374,جاري,11439.75,USD,2024-11-08,نشط
752,374,استثمار,43354.96,EUR,2024-11-02,نشط
753,374,توفير,57264.02,EUR,2024-10-05,نشط
754,375,توفير,62619.4,EUR,2024-10-17,نشط
755,375,استثمار,48596.58,SAR,2024-09-11,نشط
756,375,استثمار,26433.58,EUR,2025-02-20,نشط
757,376,استثمار,25726.07,USD,2025-04-23,نشط
758,377,استثمار,23238.14,EUR,2024-11-30,نشط
759,377,توفير,73672.0,EUR,2023-03-21,نشط
760,378,جاري,33409.58,SAR,2022-06-23,نشط
761,378,توفير,26524.52,USD,2023-04-02,نشط
762,378,جاري,64468.79,USD,2019-12-24,نشط
763,379,جاري,6623.38,USD,2025-07-11,نشط
764,380,توفير,33913.39,SAR,2025-02-27,نشط
765,380,جاري,23242.14,USD,2023-07-29,نشط
766,380,توفير,23528.52,EUR,2024-09-09,نشط
767,381,جاري,59341.74,EUR,2023-02-04,نشط
768,381,جاري,21150.72,EUR,2022-12-25,نشط
769,381,استثمار,99475.11,USD,2022-11-13,نشط
770,382,استثمار,13373.41,USD,2024-02-01,نشط
771,382,توفير,3934.41,EUR,2022-10-08,نشط
772,383,استثمار,97505.21,SAR,2024-12-08,نشط
773,384,جاري,28790.81,USD,2025-07-12,نشط
774,385,توفير,68785.64,USD,2021-01-06,نشط
775,385,توفير,88160.79,SAR,2020-05-11,نشط
776,385,توفير,92007.46,USD,2017-04-10,نشط
777,386,استثمار,24251.39,USD,2021-01-29,نشط
778,386,جاري,68761.32,EUR,2021-03-29,نشط
779,386,توفير,56306.48,SAR,2017-01-01,نشط
780,387,توفير,90610.77,SAR,2023-06-19,نشط
781,387,استثمار,24541.95,EUR,2023-04-05,نشط
782,387,جاري,26473.64,USD,2023-10-10,نشط
783,388,جاري,8987.47,SAR,2023-02-22,نشط
784,388,جاري,13850.48,SAR,2022-07-11,نشط
785,389,توفير,99556.87,SAR,2019-07-07,نشط
786,390,جاري,6926.92,USD,2024-09-08,نشط
787,390,توفير,36907.79,EUR,2023-04-16,نشط
788,390,جاري,8658.97,EUR,2024-01-03,نشط
789,391,استثمار,88380.82,SAR,2021-10-19,نشط
790,391,جاري,99796.61,EUR,2019-04-17,نشط
791,392,استثمار,53120.17,EUR,2022-12-26,نشط
792,392,توفير,98383.36,USD,2022-03-09,نشط
793,393,توفير,79066.4,SAR,2025-04-09,نشط
794,394,جاري,38819.11,EUR,2023-05-30,نشط
795,394,توفير,21090.97,EUR,2021-10-02,نشط
796,395,جاري,53916.67,SAR,2022-01-08,نشط
797,395,توفير,25497.67,USD,2025-01-31,نشط
798,395,جاري,31785.15,EUR,2023-11-15,نشط
799,396,توفير,55640.02,SAR,2025-04-19,نشط
800,396,استثمار,58267.97,EUR,2022-02-11,نشط
801,397,توفير,5091.21,USD,2025-07-26,نشط
802,398,استثمار,81766.73,EUR,2018-02-14,نشط
803,398,جاري,65653.23,USD,2018-09-28,نشط
804,398,توفير,33497.62,USD,2019-07-01,نشط
805,399,استثمار,48804.3,EUR,2021-07-12,نشط
806,399,استثمار,76480.67,USD,2022-12-31,نشط
807,400,استثمار,67887.36,SAR,2019-04-26,نشط
808,401,جاري,31027.26,SAR,2023-12-03,نشط
809,401,استثمار,36525.88,EUR,2025-06-01,نشط
810,402,توفير,4681.52,USD,2017-06-11,نشط
811,402,استثمار,5546.71,USD,2025-05-18,نشط
812,402,استثمار,34708.72,USD,2018-12-29,نشط
813,403,جاري,26303.27,EUR,2025-06-23,نشط
814,404,توفير,59388.79,EUR,2024-06-05,نشط
815,405,استثمار,20456.06,EUR,2025-03-24,نشط
816,405,جاري,84122.36,USD,2021-08-03,نشط
817,406,استثمار,35561.35,USD,2017-06-19,نشط
818,407,استثمار,69609.45,USD,2019-02-09,نشط
819,408,توفير,81245.05,EUR,2024-11-24,نشط
820,408,توفير,92114.43,USD,2025-03-20,نشط
821,408,توفير,34723.47,USD,2024-10-05,نشط
822,409,استثمار,95203.22,SAR,2025-04-19,نشط
823,409,توفير,77794.86,EUR,2024-12-03,نشط
824,409,استثمار,75263.3,SAR,2025-02-05,نشط
825,410,توفير,51879.78,USD,2021-06-12,نشط
826,410,استثمار,63536.32,USD,2019-01-13,نشط
827,410,جاري,67597.76,SAR,2025-05-18,نشط
828,411,جاري,81479.83,USD,2019-09-04,نشط
829,411,جاري,73284.7,EUR,2016-08-21,نشط
830,411,توفير,19805.02,USD,2017-05-04,نشط
831,412,توفير,88754.87,EUR,2025-05-10,نشط
832,413,جاري,44490.72,SAR,2024-11-13,نشط
833,414,استثمار,10723.1,USD,2024-03-11,نشط
834,415,توفير,23599.54,USD,2025-06-07,نشط
835,416,استثمار,42010.51,USD,2025-05-12,نشط
836,416,توفير,16861.6,SAR,2023-02-02,نشط
837,417,جاري,82900.67,SAR,2022-02-11,نشط
838,417,استثمار,10208.32,SAR,2021-10-29,نشط
839,418,استثمار,9526.31,EUR,2018-07-09,نشط
840,419,استثمار,31238.4,EUR,2018-03-17,نشط
841,419,توفير,62161.72,SAR,2018-01-27,نشط
842,419,استثمار,34463.38,SAR,2017-03-16,نشط
843,420,استثمار,38270.74,EUR,2021-09-05,نشط
844,421,جاري,82133.19,USD,2025-07-11,نشط
845,421,جاري,59544.45,USD,2025-07-19,نشط
846,422,توفير,86427.27,SAR,2016-08-12,نشط
847,422,توفير,60223.0,EUR,2016-04-10,نشط
848,423,استثمار,17514.68,EUR,2023-05-25,نشط
849,423,جاري,95688.56,EUR,2020-01-19,نشط
850,423,استثمار,63453.53,SAR,2024-03-13,نشط
851,424,استثمار,46080.77,SAR,2023-10-18,نشط
852,424,جاري,63663.58,USD,2025-06-21,نشط
853,424,استثمار,65818.68,SAR,2024-06-29,نشط
854,425,استثمار,13921.38,EUR,2022-08-20,نشط
855,425,توفير,231.23,SAR,2021-11-21,نشط
856,425,استثمار,44786.23,EUR,2022-02-18,نشط
857,426,توفير,14120.42,EUR,2021-11-16,نشط
858,427,استثمار,80092.39,SAR,2024-03-17,نشط
859,427,استثمار,29826.52,SAR,2024-05-24,نشط
860,428,توفير,52746.37,USD,2024-10-21,نشط
861,428,جاري,67871.0,SAR,2025-07-19,نشط
862,428,استثمار,90888.69,EUR,2025-03-30,نشط
863,429,توفير,90447.18,USD,2025-04-16,نشط
864,429,توفير,52117.4,USD,2025-06-14,نشط
865,429,استثمار,80317.54,USD,2025-04-20,نشط
866,430,استثمار,49262.93,EUR,2022-11-05,نشط
867,431,استثمار,73908.01,EUR,2024-02-06,نشط
868,431,جاري,901.56,USD,2025-05-04,نشط
869,432,توفير,12826.82,SAR,2019-09-30,نشط
870,432,استثمار,62657.87,USD,2023-12-31,نشط
871,432,استثمار,52073.06,SAR,2019-04-05,نشط
872,433,توفير,27573.54,USD,2023-09-06,نشط
873,434,استثمار,31165.25,SAR,2024-07-05,نشط
874,434,جاري,84515.15,USD,2020-01-22,نشط
875,434,توفير,46241.05,EUR,2020-04-27,نشط
876,435,جاري,84289.59,USD,2020-11-17,نشط
877,435,جاري,21207.74,USD,2024-04-29,نشط
878,436,استثمار,65052.95,SAR,2024-12-22,نشط
879,437,جاري,87452.16,USD,2021-02-20,نشط
880,438,توفير,40188.69,EUR,2025-04-30,نشط
881,438,جاري,94869.2,USD,2025-02-26,نشط
882,439,توفير,54058.74,USD,2024-12-31,نشط
883,440,توفير,91101.61,SAR,2022-11-15,نشط
884,440,جاري,11633.93,USD,2023-04-24,نشط
885,441,توفير,86924.0,SAR,2020-06-01,نشط
886,442,توفير,5720.76,USD,2020-12-14,نشط
887,442,استثمار,80042.63,EUR,2017-09-21,نشط
888,442,توفير,53558.72,EUR,2022-08-12,نشط
889,443,جاري,3218.22,USD,2020-03-10,نشط
890,443,توفير,87184.89,SAR,2022-03-12,نشط
891,443,جاري,50675.72,SAR,2021-08-08,نشط
892,444,استثمار,59304.33,SAR,2023-03-02,نشط
893,444,استثمار,17337.58,USD,2021-05-31,نشط
894,444,استثمار,80592.82,USD,2023-01-06,نشط
895,445,استثمار,89116.98,SAR,2024-01-10,نشط
896,445,استثمار,99979.89,USD,2022-10-14,نشط
897,445,توفير,54752.37,EUR,2024-08-02,نشط
898,446,استثمار,94760.75,EUR,2023-05-05,نشط
899,447,توفير,26032.72,SAR,2022-10-05,نشط
900,447,جاري,95504.69,EUR,2025-02-19,نشط
901,448,استثمار,67070.05,USD,2017-05-09,نشط
902,448,جاري,71577.5,SAR,2020-03-18,نشط
903,448,جاري,16973.55,SAR,2016-06-28,نشط
904,449,استثمار,86762.86,USD,2025-04-16,نشط
905,449,استثمار,41143.43,EUR,2023-03-26,نشط
906,449,توفير,68488.24,EUR,2022-09-29,نشط
907,450,توفير,16669.73,EUR,2019-12-30,نشط
908,450,جاري,53348.49,USD,2023-05-13,نشط
909,450,توفير,78532.82,EUR,2020-01-03,نشط
910,451,جاري,61580.93,USD,2023-08-21,نشط
911,452,توفير,53610.07,USD,2024-02-05,نشط
912,452,جاري,70162.35,USD,2023-08-11,نشط
913,452,جاري,74986.97,USD,2021-01-31,نشط
914,453,استثمار,6853.21,USD,2022-05-26,نشط
915,453,استثمار,26254.08,USD,2022-06-03,نشط
916,454,استثمار,95834.81,USD,2024-11-10,نشط
917,454,جاري,69210.7,EUR,2022-02-09,نشط
918,454,توفير,22047.74,EUR,2023-04-15,نشط
919,455,استثمار,48923.17,SAR,2022-04-29,نشط
920,455,جاري,81662.29,USD,2019-12-21,نشط
921,455,جاري,59329.59,EUR,2019-03-25,نشط
922,456,استثمار,26379.31,SAR,2024-01-22,نشط
923,456,توفير,12866.55,USD,2025-06-01,نشط
924,457,جاري,52984.31,USD,2019-05-15,نشط
925,458,جاري,48146.26,EUR,2021-11-18,نشط
926,458,استثمار,23013.15,EUR,2023-08-28,نشط
927,458,جاري,61621.65,USD,2021-11-22,نشط
928,459,توفير,26543.09,SAR,2023-11-09,نشط
929,459,توفير,71476.6,EUR,2023-02-22,نشط
930,460,استثمار,37197.15,SAR,2025-06-07,نشط
931,460,توفير,69834.53,EUR,2024-09-09,نشط
932,461,استثمار,24750.03,SAR,2022-07-10,نشط
933,461,استثمار,10044.36,SAR,2020-04-15,نشط
934,462,توفير,97949.34,USD,2025-07-14,نشط
935,463,استثمار,4396.44,SAR,2025-05-22,نشط
936,464,توفير,54268.62,USD,2025-05-11,نشط
937,464,استثمار,59232.85,EUR,2025-05-09,نشط
938,465,استثمار,54598.2,EUR,2024-07-12,نشط
939,465,استثمار,17967.94,USD,2025-04-28,نشط
940,465,جاري,27871.41,SAR,2024-11-13,نشط
941,466,استثمار,21995.59,USD,2020-06-13,نشط
942,466,جاري,94344.9,SAR,2018-10-10,نشط
943,467,استثمار,21073.81,USD,2024-08-18,نشط
944,467,توفير,51304.38,SAR,2024-12-20,نشط
945,468,استثمار,940.99,SAR,2025-02-18,نشط
946,469,توفير,76048.82,EUR,2025-05-25,نشط
947,469,استثمار,76446.02,SAR,2022-10-08,نشط
948,470,استثمار,54589.73,USD,2023-04-11,نشط
949,470,توفير,9157.5,SAR,2020-10-05,نشط
950,470,جاري,39439.85,USD,2020-10-03,نشط
951,471,توفير,62883.62,USD,2016-07-14,نشط
952,471,توفير,1272.85,SAR,2016-12-10,نشط
953,471,جاري,23171.57,SAR,2024-04-25,نشط
954,472,توفير,56681.99,SAR,2025-02-24,نشط
955,472,جاري,11496.09,SAR,2025-03-14,نشط
956,473,توفير,89905.88,SAR,2025-07-23,نشط
957,474,جاري,89423.1,USD,2021-08-15,نشط
958,474,استثمار,92498.06,EUR,2021-07-26,نشط
959,475,توفير,51980.55,EUR,2023-04-10,نشط
960,476,توفير,82468.89,USD,2022-03-01,نشط
961,476,استثمار,10954.55,EUR,2023-10-28,نشط
962,476,توفير,65311.06,USD,2025-06-05,نشط
963,477,توفير,66522.31,EUR,2023-02-19,نشط
964,477,توفير,15866.98,USD,2021-01-07,نشط
965,478,استثمار,46889.3,USD,2020-12-13,نشط
966,479,توفير,2756.94,EUR,2021-06-19,نشط
967,480,جاري,80729.17,USD,2019-04-20,نشط
968,480,جاري,2023.2,EUR,2021-01-07,نشط
969,481,جاري,60343.89,EUR,2025-07-07,نشط
970,481,استثمار,65418.78,EUR,2025-07-21,نشط
971,481,استثمار,3382.01,SAR,2025-07-20,نشط
972,482,استثمار,14022.78,USD,2019-03-23,نشط
973,482,جاري,64069.1,USD,2018-06-23,نشط
974,482,استثمار,75819.83,SAR,2018-10-29,نشط
975,483,جاري,41031.46,EUR,2025-07-04,نشط
976,484,جاري,41580.62,USD,2021-12-08,نشط
977,484,استثمار,28259.61,USD,2024-08-30,نشط
978,484,توفير,33729.0,EUR,2016-04-22,نشط
979,485,توفير,14561.01,SAR,2025-06-11,نشط
980,485,استثمار,73653.3,USD,2025-06-08,نشط
981,485,جاري,93697.35,SAR,2025-07-16,نشط
982,486,توفير,49161.23,SAR,2022-06-01,نشط
983,486,توفير,56287.26,SAR,2022-08-23,نشط
984,487,جاري,96767.8,EUR,2024-05-25,نشط
985,487,توفير,49785.1,SAR,2024-05-31,نشط
986,488,جاري,58387.46,USD,2017-02-27,نشط
987,488,استثمار,78371.73,USD,2022-08-21,نشط
988,489,جاري,82995.83,SAR,2023-12-03,نشط
989,489,استثمار,55119.85,USD,2024-09-05,نشط
990,489,توفير,68175.67,USD,2023-12-30,نشط
991,490,توفير,3568.44,USD,2022-01-03,نشط
992,490,استثمار,34695.79,EUR,2024-07-22,نشط
993,491,جاري,4327.79,EUR,2021-03-13,نشط
994,491,توفير,3002.82,SAR,2018-08-28,نشط
995,492,توفير,34417.88,USD,2023-09-09,نشط
996,492,توفير,97485.41,SAR,2018-12-11,نشط
997,493,توفير,85042.54,SAR,2024-12-16,نشط
998,493,استثمار,24599.66,USD,2022-02-28,نشط
999,494,استثمار,20335.36,SAR,2023-08-04,نشط
1000,494,جاري,3952.55,USD,2024-08-08,نشط
1001,494,توفير,2096.41,EUR,2022-10-07,نشط
1002,495,استثمار,57021.93,EUR,2025-02-23,نشط
1003,496,استثمار,3117.82,EUR,2023-07-06,نشط
1004,496,توفير,98049.11,USD,2023-12-20,نشط
1005,497,جاري,51983.12,EUR,2022-06-24,نشط
1006,497,توفير,80833.78,USD,2022-11-08,نشط
1007,497,توفير,27580.22,EUR,2023-11-04,نشط
1008,498,جاري,76142.38,SAR,2025-03-02,نشط
1009,498,استثمار,31095.71,USD,2023-08-13,نشط
1010,498,توفير,10847.12,SAR,2022-01-10,نشط
1011,499,توفير,14222.21,SAR,2023-07-29,نشط
1012,500,جاري,26305.03,EUR,2024-10-09,نشط
1013,500,جاري,99932.7,USD,2019-12-26,نشط
